CustomerID,Age,Income,Gender,WebsiteVisitor,Purchase
1,58,49184,M,48,Yes
2,35,84196,M,9,No
3,65,46868,M,38,Yes
4,45,28331,M,6,No
5,31,80990,M,36,Yes
6,30,190363,F,15,Yes
7,46,174472,F,1,Yes
8,28,130785,F,18,Yes
9,27,76443,F,7,No
10,23,119595,M,23,Yes
11,40,178263,F,3,Yes
12,64,140435,M,25,Yes
13,23,164714,F,41,Yes
14,57,114800,M,46,Yes
15,22,32012,M,50,Yes
16,36,40916,M,7,No
17,42,92869,F,41,Yes
18,41,62638,F,23,No
19,31,195682,F,45,Yes
20,61,189878,M,39,Yes
21,58,64862,M,11,No
22,47,119471,F,41,Yes
23,62,166001,M,44,Yes
24,38,34663,M,3,No
25,38,125162,F,5,No
26,31,168682,F,14,Yes
27,59,150870,F,42,Yes
28,47,57452,F,9,No
29,33,167159,F,48,Yes
30,55,132311,F,24,Yes
31,32,56262,F,6,No
32,21,48743,M,41,Yes
33,28,198384,F,39,Yes
34,22,120864,F,39,Yes
35,47,158704,F,36,Yes
36,18,198332,M,44,Yes
37,52,89946,F,8,No
38,36,133971,M,30,Yes
39,18,89045,M,33,Yes
40,24,183918,F,41,Yes
41,50,179637,M,10,Yes
42,41,62349,M,39,Yes
43,38,148085,M,8,Yes
44,41,100612,M,4,No
45,33,168729,M,6,Yes
46,64,147399,M,49,Yes
47,52,52967,M,43,Yes
48,48,164127,M,17,Yes
49,51,179014,F,14,Yes
50,52,72730,F,26,Yes
51,60,190361,F,29,Yes
52,51,138354,M,16,Yes
53,32,36784,F,2,No
54,55,165207,M,38,Yes
55,32,21885,M,46,Yes
56,58,35433,M,5,No
57,20,106619,M,33,Yes
58,33,93001,F,14,No
59,52,54684,F,16,No
60,48,126708,M,7,No
61,24,192748,F,23,Yes
62,45,127767,F,47,Yes
63,21,196518,M,4,Yes
64,43,108946,M,16,Yes
65,30,69862,F,9,No
66,45,68100,F,30,Yes
67,33,39761,F,36,Yes
68,24,33261,M,6,No
69,33,63597,F,32,Yes
70,48,76032,F,4,No
71,28,119345,M,25,Yes
72,34,139277,F,28,Yes
73,62,165691,F,10,Yes
74,30,97780,M,4,No
75,55,162133,M,48,Yes
76,38,34985,M,38,Yes
77,48,151819,M,4,No
78,50,41000,M,5,No
79,56,37815,M,26,No
80,25,169336,M,38,Yes
81,56,30418,M,27,No
82,60,173006,F,17,Yes
83,31,195564,F,16,Yes
84,34,123752,M,43,Yes
85,59,98642,F,21,No
86,22,22441,F,40,Yes
87,54,46209,M,35,Yes
88,31,152614,F,9,Yes
89,40,38033,M,24,No
90,36,61352,F,35,Yes
91,63,99303,M,43,Yes
92,53,98480,M,9,No
93,34,50258,M,48,Yes
94,53,60749,F,19,No
95,56,75215,F,14,No
96,61,186261,F,33,Yes
97,49,85829,M,6,No
98,58,131037,F,3,No
99,18,107439,M,41,Yes
100,34,62357,F,36,Yes
101,63,132115,M,8,No
102,22,59073,M,24,No
103,55,164841,M,28,Yes
104,26,30965,F,24,No
105,20,113797,M,44,Yes
106,33,194832,M,23,Yes
107,53,126529,M,16,Yes
108,28,66413,F,2,No
109,29,107080,F,43,Yes
110,65,85055,F,11,No
111,62,48336,F,3,No
112,48,78309,M,30,Yes
113,40,100003,M,15,Yes
114,19,193023,M,26,Yes
115,39,93034,M,50,Yes
116,35,112050,F,44,Yes
117,52,106808,M,8,No
118,34,66810,F,3,No
119,24,176387,F,23,Yes
120,64,102228,F,39,Yes
121,50,50315,F,37,Yes
122,30,86773,M,46,Yes
123,45,20443,M,24,No
124,45,38343,F,40,Yes
125,38,193903,M,47,Yes
126,37,152939,F,43,Yes
127,44,105506,F,45,Yes
128,36,165335,M,13,Yes
129,44,194307,F,44,Yes
130,65,65620,F,26,No
131,53,20106,F,19,No
132,31,132692,F,30,Yes
133,46,135909,M,33,Yes
134,48,64483,M,19,No
135,50,194025,F,6,Yes
136,33,196369,F,15,Yes
137,30,58627,M,3,No
138,33,144554,M,30,Yes
139,44,185089,M,46,Yes
140,62,120657,F,26,Yes
141,33,58684,M,49,Yes
142,24,131449,M,12,Yes
143,62,155779,F,4,No
144,53,85325,M,30,Yes
145,26,141803,F,49,Yes
146,46,180603,F,36,Yes
147,46,61722,F,29,Yes
148,34,84812,F,50,Yes
149,51,147034,M,18,Yes
150,46,40311,F,16,No
151,35,108040,F,35,Yes
152,23,56273,M,15,No
153,42,60056,M,5,No
154,44,126849,F,35,Yes
155,47,128992,M,14,Yes
156,44,122099,M,49,Yes
157,54,119714,F,1,No
158,40,98279,F,27,Yes
159,52,163165,M,32,Yes
160,32,91548,F,32,Yes
161,19,121936,F,43,Yes
162,61,125989,M,30,Yes
163,26,183120,M,26,Yes
164,55,167951,M,6,Yes
165,59,132358,M,30,Yes
166,29,33181,F,25,No
167,38,75485,F,21,Yes
168,39,119385,F,49,Yes
169,44,86131,M,31,Yes
170,19,161405,M,23,Yes
171,32,190431,M,50,Yes
172,59,30553,M,16,No
173,30,25342,M,16,No
174,26,144141,M,37,Yes
175,31,141905,F,50,Yes
176,41,63984,M,50,Yes
177,28,101536,M,38,Yes
178,19,101777,F,26,Yes
179,63,71990,M,38,Yes
180,62,184427,M,7,Yes
181,62,99058,M,37,Yes
182,20,111017,F,43,Yes
183,41,38076,F,1,No
184,44,148503,M,28,Yes
185,41,186614,F,46,Yes
186,27,134160,M,47,Yes
187,51,190513,F,40,Yes
188,52,146745,F,28,Yes
189,64,175313,F,21,Yes
190,33,42718,F,29,Yes
191,33,141820,F,22,Yes
192,19,149579,F,12,Yes
193,49,75605,F,17,No
194,39,93310,F,36,Yes
195,18,155430,M,6,Yes
196,33,126542,F,36,Yes
197,33,144804,F,29,Yes
198,19,44393,F,15,No
199,43,83780,F,43,Yes
200,55,116736,F,36,Yes
201,51,110113,F,48,Yes
202,53,106714,F,45,Yes
203,47,91019,F,17,No
204,32,51629,M,21,No
205,25,160473,M,13,Yes
206,31,146929,F,47,Yes
207,55,157530,F,7,Yes
208,30,97659,M,24,Yes
209,29,99237,M,46,Yes
210,52,53182,F,3,No
211,21,165059,F,45,Yes
212,26,187213,F,7,Yes
213,18,170487,F,31,Yes
214,48,135466,F,12,Yes
215,21,86185,F,8,No
216,22,125043,F,5,No
217,54,185005,M,10,Yes
218,27,167545,F,6,Yes
219,33,51051,F,39,Yes
220,56,182114,M,50,Yes
221,51,119713,F,29,Yes
222,37,174278,F,20,Yes
223,54,182798,M,40,Yes
224,65,46013,M,41,Yes
225,31,89375,M,11,No
226,33,65564,M,11,No
227,18,127090,F,45,Yes
228,56,143184,F,3,No
229,32,95524,F,45,Yes
230,47,38659,M,17,No
231,58,174609,M,28,Yes
232,25,162753,M,42,Yes
233,27,89633,M,5,No
234,21,63495,F,39,Yes
235,65,169214,F,29,Yes
236,25,142866,F,45,Yes
237,43,91367,F,29,Yes
238,23,176771,M,28,Yes
239,65,104494,F,2,No
240,23,80011,M,49,Yes
241,61,90650,M,49,Yes
242,29,143338,F,18,Yes
243,29,173440,F,41,Yes
244,49,43918,F,23,No
245,44,107374,F,43,Yes
246,24,62159,F,27,Yes
247,62,149884,F,43,Yes
248,43,164204,M,30,Yes
249,23,102448,F,21,Yes
250,25,125952,M,43,Yes
251,52,141104,F,4,No
252,30,155905,F,40,Yes
253,49,183947,F,49,Yes
254,21,73361,F,36,Yes
255,26,95505,F,45,Yes
256,49,51831,M,41,Yes
257,56,82730,M,20,No
258,53,23584,F,6,No
259,32,49743,F,8,No
260,59,60362,F,46,Yes
261,36,153397,F,27,Yes
262,48,143789,M,30,Yes
263,53,57917,F,13,No
264,56,153232,M,5,No
265,35,128774,F,33,Yes
266,35,20672,F,47,Yes
267,37,173862,F,10,Yes
268,46,161185,F,23,Yes
269,39,164681,F,30,Yes
270,38,69454,M,37,Yes
271,42,81226,F,3,No
272,38,143987,F,25,Yes
273,60,190922,M,32,Yes
274,20,53094,F,7,No
275,46,46138,F,1,No
276,64,57789,F,42,Yes
277,27,39615,F,17,No
278,39,183383,F,42,Yes
279,23,106131,F,21,Yes
280,58,147912,M,40,Yes
281,22,81543,F,15,No
282,65,43692,F,7,No
283,58,46347,F,11,No
284,62,98503,M,3,No
285,38,34711,F,23,No
286,41,132901,M,16,Yes
287,51,128016,M,11,No
288,29,40701,F,40,Yes
289,61,83132,F,38,Yes
290,27,80866,F,41,Yes
291,34,140473,F,43,Yes
292,18,141963,F,44,Yes
293,52,61412,M,29,Yes
294,40,174028,F,41,Yes
295,45,85561,F,20,Yes
296,30,120845,F,7,No
297,33,119972,F,37,Yes
298,36,97392,M,43,Yes
299,43,91953,M,37,Yes
300,61,32856,F,19,No
301,32,179138,F,15,Yes
302,58,69841,F,44,Yes
303,64,192800,M,41,Yes
304,24,184484,M,20,Yes
305,46,28746,F,47,Yes
306,26,43627,F,21,No
307,65,128921,M,13,No
308,26,161402,F,34,Yes
309,50,91441,M,17,No
310,48,97369,F,8,No
311,47,39739,M,49,Yes
312,32,197294,F,36,Yes
313,41,43672,F,1,No
314,34,160659,M,30,Yes
315,41,196377,F,38,Yes
316,42,187391,F,7,Yes
317,61,81295,F,2,No
318,57,167169,F,40,Yes
319,32,189778,M,41,Yes
320,47,99217,F,8,No
321,26,31887,M,20,No
322,49,50440,M,16,No
323,52,55563,F,30,No
324,41,195763,F,38,Yes
325,65,60507,F,42,Yes
326,24,148279,F,18,Yes
327,20,117132,M,29,Yes
328,46,81895,F,7,No
329,61,116294,F,4,No
330,43,92320,M,8,No
331,47,44031,M,42,Yes
332,58,176538,M,4,Yes
333,39,83850,M,37,Yes
334,31,37985,M,38,Yes
335,31,81079,F,50,Yes
336,27,176233,M,18,Yes
337,27,54076,F,12,No
338,25,193292,M,9,Yes
339,18,113911,M,38,Yes
340,38,24136,M,17,No
341,21,53228,F,34,Yes
342,25,36661,F,29,No
343,41,154542,M,29,Yes
344,50,78077,M,47,Yes
345,60,156695,F,30,Yes
346,59,28165,M,31,No
347,43,131745,M,32,Yes
348,63,136277,M,6,No
349,38,179461,M,5,Yes
350,26,92093,F,25,Yes
351,56,159082,F,30,Yes
352,50,178709,F,7,Yes
353,62,49992,M,28,No
354,46,79898,F,22,Yes
355,47,124524,F,47,Yes
356,24,101932,F,21,Yes
357,60,86817,F,10,No
358,61,144326,M,6,No
359,23,44439,F,7,No
360,65,117687,M,36,Yes
361,21,173738,F,43,Yes
362,25,127691,F,43,Yes
363,45,33486,F,39,Yes
364,37,112181,M,37,Yes
365,50,75768,M,43,Yes
366,48,78784,M,23,Yes
367,53,116353,M,49,Yes
368,35,170496,M,28,Yes
369,53,182981,M,39,Yes
370,60,90109,M,12,No
371,35,100998,F,23,Yes
372,18,67554,M,37,Yes
373,60,125063,M,10,No
374,65,185982,M,6,Yes
375,65,159062,M,25,Yes
376,44,138920,F,11,Yes
377,41,101693,F,50,Yes
378,54,176296,M,4,Yes
379,27,61264,M,44,Yes
380,23,91330,F,43,Yes
381,45,147313,F,27,Yes
382,35,76510,M,23,Yes
383,45,49069,F,44,Yes
384,61,175486,F,34,Yes
385,60,100850,M,15,No
386,43,177109,M,1,Yes
387,31,99015,M,50,Yes
388,26,86982,F,21,Yes
389,25,22026,F,48,Yes
390,45,66057,M,25,Yes
391,52,80322,F,5,No
392,43,31089,F,2,No
393,47,40411,F,37,Yes
394,45,170313,F,46,Yes
395,58,129495,F,8,No
396,43,25467,F,11,No
397,57,140611,F,6,No
398,45,47751,M,28,No
399,55,124975,M,26,Yes
400,37,109001,M,22,Yes
401,28,40022,M,34,Yes
402,50,70830,F,23,No
403,64,189199,M,16,Yes
404,24,58389,F,13,No
405,29,177915,M,49,Yes
406,59,39753,M,50,Yes
407,58,149529,F,49,Yes
408,54,171904,F,44,Yes
409,54,188556,F,41,Yes
410,38,59572,F,5,No
411,48,135922,F,18,Yes
412,55,34725,F,33,No
413,22,101371,F,29,Yes
414,20,34913,F,19,No
415,22,188995,M,40,Yes
416,56,152924,F,30,Yes
417,55,165310,M,29,Yes
418,54,190875,M,21,Yes
419,56,144683,M,4,No
420,46,47132,F,46,Yes
421,23,152264,M,3,No
422,33,134755,F,34,Yes
423,51,179856,M,24,Yes
424,41,94158,F,27,Yes
425,39,197968,M,41,Yes
426,59,107726,M,22,Yes
427,24,166266,F,19,Yes
428,34,192114,M,22,Yes
429,23,172761,M,23,Yes
430,37,191980,F,9,Yes
431,56,42208,F,36,Yes
432,42,188687,F,9,Yes
433,60,199677,M,42,Yes
434,60,130993,F,2,No
435,41,100967,M,14,No
436,39,147473,M,15,Yes
437,26,60617,M,19,No
438,24,153087,M,43,Yes
439,39,182013,M,39,Yes
440,42,60436,M,12,No
441,62,183771,M,47,Yes
442,46,31453,F,24,No
443,61,82267,F,40,Yes
444,36,137683,M,35,Yes
445,33,101125,F,13,Yes
446,41,197814,F,30,Yes
447,36,120105,F,11,Yes
448,30,178508,M,17,Yes
449,21,188081,F,24,Yes
450,53,46893,M,19,No
451,23,62024,F,29,Yes
452,50,58626,F,6,No
453,32,138260,F,2,No
454,44,33960,F,33,Yes
455,41,81807,F,6,No
456,41,78861,M,21,Yes
457,24,190383,F,10,Yes
458,26,30040,F,31,No
459,62,56383,F,29,No
460,57,21376,M,2,No
461,34,76532,M,36,Yes
462,64,179614,F,8,Yes
463,36,82295,F,8,No
464,21,82505,F,41,Yes
465,57,139829,M,8,No
466,49,176431,M,41,Yes
467,50,170745,M,46,Yes
468,27,96355,F,1,No
469,57,112488,M,37,Yes
470,44,69103,M,34,Yes
471,41,37741,M,25,No
472,48,31412,F,24,No
473,34,24257,F,5,No
474,40,83209,M,50,Yes
475,55,107167,M,3,No
476,40,163134,F,42,Yes
477,29,199485,F,45,Yes
478,48,185605,M,9,Yes
479,22,139977,M,19,Yes
480,30,31483,M,3,No
481,38,101284,F,35,Yes
482,48,86404,M,49,Yes
483,59,70096,F,23,No
484,21,191896,F,18,Yes
485,25,116474,F,26,Yes
486,65,135274,F,22,Yes
487,29,150076,F,24,Yes
488,51,89919,M,47,Yes
489,45,40690,F,39,Yes
490,29,162992,F,21,Yes
491,24,40989,F,43,Yes
492,36,100346,F,39,Yes
493,63,131703,M,45,Yes
494,46,112155,F,3,No
495,64,112421,F,18,No
496,58,35036,M,43,Yes
497,58,126485,F,33,Yes
498,65,198103,M,2,Yes
499,27,179271,F,3,Yes
500,26,37624,M,50,Yes
501,59,116030,F,25,Yes
502,54,28489,M,44,Yes
503,46,117246,F,29,Yes
504,22,170450,M,34,Yes
505,41,124342,F,42,Yes
506,35,85434,M,2,No
507,65,68771,F,34,Yes
508,42,167239,M,17,Yes
509,34,136987,M,40,Yes
510,36,148765,M,8,Yes
511,26,39412,F,12,No
512,63,136683,M,44,Yes
513,38,195070,F,46,Yes
514,22,164178,F,20,Yes
515,28,187169,M,24,Yes
516,50,78783,M,13,No
517,26,82058,F,2,No
518,41,165233,F,30,Yes
519,53,54018,M,5,No
520,37,124375,F,34,Yes
521,44,127330,M,9,No
522,38,188385,M,29,Yes
523,47,198286,F,9,Yes
524,53,187718,M,50,Yes
525,26,133408,M,8,Yes
526,51,60112,F,11,No
527,28,104583,M,23,Yes
528,51,94461,M,17,No
529,30,186476,F,9,Yes
530,58,99383,M,33,Yes
531,59,64206,M,11,No
532,60,183703,F,37,Yes
533,20,27437,M,3,No
534,59,171197,F,42,Yes
535,31,169982,F,40,Yes
536,58,27939,F,41,Yes
537,52,95935,F,31,Yes
538,33,199566,F,20,Yes
539,47,39129,M,11,No
540,46,128952,F,30,Yes
541,31,109179,M,21,Yes
542,63,103706,F,26,Yes
543,26,117134,M,21,Yes
544,33,142282,M,18,Yes
545,46,84990,M,7,No
546,21,96077,F,40,Yes
547,44,85082,M,21,Yes
548,54,101976,M,49,Yes
549,28,150617,F,32,Yes
550,37,150382,M,6,Yes
551,43,152499,F,16,Yes
552,31,172920,F,4,Yes
553,21,93755,F,39,Yes
554,59,196297,F,19,Yes
555,52,22143,M,28,No
556,26,89329,F,49,Yes
557,43,115928,M,26,Yes
558,21,169495,M,24,Yes
559,53,95655,M,25,Yes
560,50,138057,F,40,Yes
561,61,180181,M,9,Yes
562,24,123259,F,22,Yes
563,53,115841,M,13,No
564,56,153463,F,33,Yes
565,20,31876,M,9,No
566,63,107304,F,34,Yes
567,47,59043,M,21,No
568,57,103500,M,26,Yes
569,57,98442,F,33,Yes
570,50,159549,F,46,Yes
571,54,98588,F,2,No
572,41,106832,M,27,Yes
573,55,100655,M,39,Yes
574,48,89607,M,47,Yes
575,21,172967,F,11,Yes
576,51,184895,F,10,Yes
577,61,83490,M,37,Yes
578,62,48808,M,2,No
579,46,102232,F,10,No
580,44,73448,F,33,Yes
581,57,143628,M,46,Yes
582,26,155969,M,36,Yes
583,38,193598,F,34,Yes
584,42,102248,M,30,Yes
585,52,109738,F,44,Yes
586,64,198453,F,40,Yes
587,48,70400,M,18,No
588,53,98249,M,20,Yes
589,36,74336,F,21,Yes
590,48,111436,F,19,Yes
591,25,170333,F,26,Yes
592,40,58397,F,3,No
593,36,40717,F,29,Yes
594,59,87225,F,14,No
595,30,161184,F,36,Yes
596,62,91203,M,7,No
597,57,173834,M,16,Yes
598,21,195592,M,41,Yes
599,32,33760,M,27,No
600,39,143837,M,44,Yes
601,26,21358,M,27,No
602,59,144701,F,42,Yes
603,30,95299,F,19,Yes
604,59,35509,M,42,Yes
605,54,80875,M,12,No
606,44,66081,M,26,Yes
607,49,68840,F,3,No
608,18,98221,M,22,Yes
609,36,139104,F,9,Yes
610,50,142688,F,13,Yes
611,25,106686,M,47,Yes
612,47,189944,F,46,Yes
613,29,23692,F,19,No
614,54,196790,M,12,Yes
615,57,187438,F,28,Yes
616,50,105964,M,26,Yes
617,60,45004,M,9,No
618,48,104830,M,1,No
619,34,120551,M,29,Yes
620,35,106409,F,38,Yes
621,64,170176,M,17,Yes
622,59,114254,M,4,No
623,60,50991,F,20,No
624,28,126277,F,45,Yes
625,25,187434,F,24,Yes
626,57,77894,M,9,No
627,48,60156,F,48,Yes
628,56,117943,F,45,Yes
629,53,143424,M,49,Yes
630,33,198347,M,34,Yes
631,46,158457,F,5,Yes
632,54,49414,M,36,Yes
633,50,72994,M,11,No
634,38,156404,F,8,Yes
635,61,73844,F,6,No
636,50,136780,M,30,Yes
637,26,154544,F,30,Yes
638,54,35135,F,44,Yes
639,37,25706,F,17,No
640,18,77121,M,3,No
641,45,110316,M,35,Yes
642,21,38092,F,3,No
643,36,127182,M,50,Yes
644,26,188171,F,24,Yes
645,42,137581,F,25,Yes
646,23,198973,M,42,Yes
647,40,51098,M,35,Yes
648,43,158632,M,47,Yes
649,32,20910,M,20,No
650,47,196553,F,35,Yes
651,42,80205,M,30,Yes
652,40,60664,F,13,No
653,64,49581,M,43,Yes
654,44,181198,M,16,Yes
655,31,37639,M,39,Yes
656,20,137031,M,16,Yes
657,65,31596,F,29,No
658,32,161494,M,49,Yes
659,21,56735,F,15,No
660,64,171023,F,37,Yes
661,56,196300,F,16,Yes
662,37,57554,M,27,Yes
663,37,92129,M,36,Yes
664,55,65910,F,36,Yes
665,49,32290,F,42,Yes
666,60,119917,F,45,Yes
667,44,127022,M,20,Yes
668,42,68202,F,16,No
669,32,98836,M,30,Yes
670,21,167426,F,27,Yes
671,53,158934,M,25,Yes
672,33,86845,M,22,Yes
673,59,40727,F,24,No
674,23,160413,M,4,Yes
675,35,118872,M,5,No
676,30,174031,M,31,Yes
677,31,107284,F,1,No
678,31,69813,M,48,Yes
679,48,83594,M,26,Yes
680,33,164724,F,50,Yes
681,36,119788,F,35,Yes
682,59,114177,F,17,No
683,41,154431,F,30,Yes
684,24,143074,F,14,Yes
685,41,102030,F,3,No
686,54,78005,M,2,No
687,34,165047,F,19,Yes
688,27,71430,F,15,No
689,42,169366,M,32,Yes
690,53,191601,F,17,Yes
691,49,188216,F,30,Yes
692,28,112320,M,9,No
693,64,163273,F,12,Yes
694,52,188246,M,34,Yes
695,20,39485,M,49,Yes
696,18,128106,M,41,Yes
697,32,37817,M,1,No
698,31,152574,F,24,Yes
699,21,181961,F,43,Yes
700,49,24123,M,35,No
701,53,127829,M,2,No
702,51,92021,F,2,No
703,50,196693,F,12,Yes
704,24,45248,M,16,No
705,30,182471,F,23,Yes
706,35,124044,M,24,Yes
707,43,140323,M,45,Yes
708,32,98636,M,42,Yes
709,59,28305,M,26,No
710,42,118872,F,4,No
711,58,22477,M,6,No
712,49,133746,F,37,Yes
713,24,158453,M,15,Yes
714,31,168579,F,18,Yes
715,20,39489,F,35,Yes
716,54,192519,M,12,Yes
717,38,24104,M,38,Yes
718,27,124410,M,20,Yes
719,28,167838,M,37,Yes
720,42,197480,F,25,Yes
721,65,56687,M,33,No
722,65,110664,M,7,No
723,45,80855,M,22,Yes
724,56,180921,F,50,Yes
725,38,27766,F,29,No
726,49,79805,F,36,Yes
727,42,133206,M,44,Yes
728,55,193191,F,6,Yes
729,57,97431,M,46,Yes
730,22,41505,F,10,No
731,42,186173,M,48,Yes
732,42,103015,F,7,No
733,23,21361,F,29,No
734,41,90717,M,9,No
735,23,69123,F,29,Yes
736,53,165421,F,7,Yes
737,19,43493,F,36,Yes
738,23,176480,F,25,Yes
739,18,96506,F,25,Yes
740,23,166679,M,37,Yes
741,51,64455,F,11,No
742,26,90495,F,18,No
743,49,58255,M,11,No
744,45,92341,F,20,Yes
745,48,40164,F,17,No
746,33,183848,F,39,Yes
747,57,71261,F,7,No
748,26,99864,M,26,Yes
749,39,182579,F,22,Yes
750,46,107749,F,42,Yes
751,56,55684,F,21,No
752,56,72652,F,21,No
753,29,124396,F,19,Yes
754,65,185911,F,37,Yes
755,33,105429,F,18,Yes
756,43,115686,M,37,Yes
757,30,175248,M,44,Yes
758,53,27055,F,46,Yes
759,31,134938,F,45,Yes
760,22,127254,F,9,No
761,58,99385,M,17,No
762,60,60407,F,25,No
763,22,137720,F,38,Yes
764,43,160081,F,35,Yes
765,20,114248,M,7,No
766,33,192386,F,11,Yes
767,59,180609,M,37,Yes
768,59,197595,F,49,Yes
769,39,132841,M,1,No
770,24,87826,M,33,Yes
771,65,155999,M,29,Yes
772,41,122533,F,50,Yes
773,61,174295,M,23,Yes
774,19,146555,M,19,Yes
775,44,42506,M,47,Yes
776,27,111312,F,22,Yes
777,47,74229,F,23,No
778,48,45591,F,47,Yes
779,62,138606,F,5,No
780,37,31713,M,2,No
781,39,189861,M,44,Yes
782,28,83940,M,36,Yes
783,28,106766,F,30,Yes
784,32,126180,M,12,Yes
785,58,192309,F,26,Yes
786,19,180984,M,29,Yes
787,55,132604,F,1,No
788,63,76307,M,18,No
789,63,36400,M,35,No
790,29,115890,F,13,Yes
791,47,49872,F,43,Yes
792,49,158337,F,39,Yes
793,42,180250,F,38,Yes
794,25,111206,F,30,Yes
795,57,65227,F,40,Yes
796,55,42217,M,21,No
797,25,82540,F,8,No
798,29,117859,M,33,Yes
799,42,129638,M,37,Yes
800,42,130897,M,32,Yes
801,58,160870,M,36,Yes
802,28,148356,F,9,Yes
803,29,102465,F,40,Yes
804,21,114119,M,32,Yes
805,26,71151,F,36,Yes
806,50,191198,F,27,Yes
807,61,148902,F,46,Yes
808,46,148109,M,6,Yes
809,54,28089,M,19,No
810,20,92051,M,35,Yes
811,36,64094,F,37,Yes
812,65,149843,M,37,Yes
813,25,90225,F,35,Yes
814,20,135701,M,28,Yes
815,24,191356,M,20,Yes
816,20,137894,F,23,Yes
817,23,135099,M,50,Yes
818,33,75018,F,46,Yes
819,57,185877,F,11,Yes
820,57,56499,M,14,No
821,21,169441,F,35,Yes
822,35,176462,M,21,Yes
823,63,96712,F,37,Yes
824,35,154850,M,9,Yes
825,44,35541,F,42,Yes
826,26,54784,M,10,No
827,63,104435,M,49,Yes
828,61,122944,F,10,No
829,54,185780,F,41,Yes
830,44,118349,F,5,No
831,58,44404,F,33,No
832,65,92935,F,30,Yes
833,49,105796,M,50,Yes
834,64,44416,F,41,Yes
835,60,113905,M,35,Yes
836,43,77102,F,14,No
837,49,90395,F,19,No
838,39,163474,M,37,Yes
839,49,110109,M,3,No
840,24,184149,F,2,Yes
841,25,61414,F,30,Yes
842,18,132145,M,45,Yes
843,26,190392,F,11,Yes
844,35,44468,F,17,No
845,23,117476,M,4,No
846,43,183998,F,47,Yes
847,62,81379,F,42,Yes
848,23,44951,M,14,No
849,48,40431,M,38,Yes
850,32,156169,F,1,Yes
851,18,110065,M,28,Yes
852,62,54648,F,5,No
853,32,120419,M,47,Yes
854,24,47053,F,24,No
855,37,55947,F,50,Yes
856,26,188185,M,5,Yes
857,51,167663,M,40,Yes
858,59,63022,F,23,No
859,64,75851,M,27,No
860,57,199979,F,14,Yes
861,23,46336,M,49,Yes
862,25,174553,F,23,Yes
863,45,102445,M,16,Yes
864,35,188983,M,16,Yes
865,53,177548,F,50,Yes
866,62,27031,F,14,No
867,51,179102,M,48,Yes
868,43,97474,M,16,No
869,49,121157,M,16,Yes
870,49,187269,M,34,Yes
871,18,114659,F,9,No
872,42,168997,F,24,Yes
873,52,199029,M,49,Yes
874,48,39134,M,38,Yes
875,22,23615,F,14,No
876,20,35851,F,33,No
877,36,184776,F,28,Yes
878,62,125454,M,41,Yes
879,52,160943,M,18,Yes
880,23,101240,M,33,Yes
881,31,60731,F,26,Yes
882,55,186276,M,20,Yes
883,62,134684,M,4,No
884,33,42600,F,8,No
885,47,180509,M,20,Yes
886,60,192504,M,8,Yes
887,18,55969,M,11,No
888,49,110886,F,11,No
889,41,53274,F,47,Yes
890,25,27695,F,28,No
891,35,157325,M,17,Yes
892,63,171165,M,32,Yes
893,47,153898,F,4,Yes
894,49,168605,M,24,Yes
895,28,86877,M,37,Yes
896,61,50234,M,48,Yes
897,50,20673,M,1,No
898,33,32053,F,24,No
899,42,59343,M,3,No
900,53,191888,F,15,Yes
901,38,85080,F,47,Yes
902,38,91108,M,37,Yes
903,41,51300,M,12,No
904,32,155207,M,26,Yes
905,22,141921,F,50,Yes
906,37,105799,M,36,Yes
907,47,22089,F,13,No
908,36,167798,F,48,Yes
909,57,83591,F,24,No
910,55,149331,M,47,Yes
911,52,84258,M,1,No
912,44,26267,M,35,Yes
913,40,186708,M,22,Yes
914,18,192308,F,48,Yes
915,64,100612,M,14,No
916,51,82434,F,32,Yes
917,21,57322,F,6,No
918,20,80679,F,45,Yes
919,41,140182,M,38,Yes
920,24,152494,M,41,Yes
921,43,39616,M,28,No
922,60,54264,M,19,No
923,34,102577,F,45,Yes
924,65,105524,F,29,Yes
925,35,81239,M,13,No
926,26,173277,M,10,Yes
927,24,63089,F,30,Yes
928,38,126564,M,35,Yes
929,40,74430,F,20,No
930,47,89470,M,6,No
931,28,199845,F,46,Yes
932,62,178152,M,14,Yes
933,38,58882,M,46,Yes
934,33,113255,F,33,Yes
935,21,197519,F,17,Yes
936,29,28147,F,29,No
937,53,164210,M,7,Yes
938,47,46714,M,8,No
939,18,36166,M,9,No
940,30,125010,F,44,Yes
941,58,189000,M,38,Yes
942,55,87848,M,2,No
943,22,71839,F,9,No
944,23,106913,M,3,No
945,47,33274,M,37,Yes
946,45,123546,F,2,No
947,42,199100,F,12,Yes
948,40,76286,M,18,No
949,35,136919,M,3,No
950,57,182313,M,42,Yes
951,36,150781,F,36,Yes
952,48,35985,M,18,No
953,42,55975,F,13,No
954,59,157839,M,41,Yes
955,52,25119,F,46,Yes
956,40,145746,F,23,Yes
957,54,151699,F,25,Yes
958,35,67137,M,21,Yes
959,56,77414,M,50,Yes
960,35,35359,F,34,Yes
961,40,173089,M,11,Yes
962,24,84974,M,18,No
963,52,34656,M,37,Yes
964,42,113009,M,12,Yes
965,33,175325,F,48,Yes
966,62,114052,M,46,Yes
967,62,112191,M,37,Yes
968,30,149034,F,12,Yes
969,49,29951,M,4,No
970,32,177722,M,2,Yes
971,51,145301,M,22,Yes
972,57,72812,M,22,No
973,63,66520,F,4,No
974,19,58721,M,50,Yes
975,25,157965,F,5,Yes
976,41,193575,F,38,Yes
977,24,108227,F,21,Yes
978,26,61288,F,41,Yes
979,49,190178,F,12,Yes
980,63,167318,F,15,Yes
981,60,174389,M,25,Yes
982,37,97205,M,12,No
983,64,20471,F,50,Yes
984,54,28488,M,39,Yes
985,38,180269,M,41,Yes
986,54,47291,F,10,No
987,39,40396,M,23,No
988,38,64010,M,46,Yes
989,60,187536,F,29,Yes
990,18,89523,M,16,No
991,62,37771,F,17,No
992,24,20335,M,25,No
993,46,130009,M,27,Yes
994,49,119277,F,35,Yes
995,42,46588,F,37,Yes
996,59,79135,M,29,Yes
997,22,28758,F,2,No
998,38,88453,M,5,No
999,39,64592,F,11,No
1000,64,39661,M,22,No
